{
  "meta": {
    "title": "Geometric META LOOP^3 OMEGA Hologram",
    "total_cycles": 9,
    "total_waves": 540,
    "elapsed_seconds": 10920.062364339828,
    "timestamp": "2026-03-19T02:42:22+00:00",
    "engine": "GeometricEngine (hologram-first, clamped)",
    "depth": 9
  },
  "omega_hologram": {
    "dimensions": {
      "D1_Earth": {
        "value": 0.25,
        "gradient": 0.3333333333333333,
        "momentum": 7.024759977049742,
        "curvature": 0.25
      },
      "D2_Fire": {
        "value": 0.25,
        "gradient": 0.3333333333333333,
        "momentum": 3.3765018374852733,
        "curvature": 0.25
      },
      "D3_Water": {
        "value": 0.25,
        "gradient": 0.3333333333333333,
        "momentum": 0.5,
        "curvature": 0.25
      },
      "D4_Air": {
        "value": 0.25,
        "gradient": 0.5,
        "momentum": 3.3266685895437154,
        "curvature": 0.25
      }
    },
    "interconnections": {
      "D1_Earth_D2_Fire": 0.041872290140474215,
      "D1_Earth_D3_Water": 0.03297648749282804,
      "D1_Earth_D4_Air": 0.025866601864270256,
      "D2_Fire_D3_Water": 0.03935196299406689,
      "D2_Fire_D4_Air": 0.03271974075844656,
      "D3_Water_D4_Air": 0.03933271384344334
    },
    "total_values": 16,
    "compression_ratio": "38837:16 = 2427:1",
    "hash": "e4f9bc1161dbdeca"
  },
  "per_meta_loop": [
    {
      "meta_idx": 0,
      "total_waves": 165,
      "elapsed_seconds": 3629.911235809326,
      "hologram": {
        "dimensions": {
          "D1_Earth": {
            "value": 0.25,
            "gradient": 0.3333333333333333,
            "momentum": 5.990125409585835,
            "curvature": 0.25
          },
          "D2_Fire": {
            "value": 0.25,
            "gradient": 0.3333333333333333,
            "momentum": 3.6099284793105184,
            "curvature": 0.25
          },
          "D3_Water": {
            "value": 0.25,
            "gradient": 0.3333333333333333,
            "momentum": 0.5,
            "curvature": 0.25
          },
          "D4_Air": {
            "value": 0.25,
            "gradient": 0.5,
            "momentum": 3.596443122290044,
            "curvature": 0.25
          }
        },
        "interconnections": {
          "D1_Earth_D2_Fire": 0.041562806559161405,
          "D1_Earth_D3_Water": 0.032653164190495576,
          "D1_Earth_D4_Air": 0.025684007778879196,
          "D2_Fire_D3_Water": 0.039442128993146724,
          "D2_Fire_D4_Air": 0.032876991125500174,
          "D3_Water_D4_Air": 0.03943691998752856
        },
        "total_values": 16,
        "compression_ratio": "38837:16 = 2427:1",
        "hash": "1453766abc7f789f"
      },
      "cycles": [
        {
          "name": "WEIGHTS",
          "waves": 48,
          "kept": 4416,
          "mean_resonance": 0.733950397873119,
          "mean_observation": 0.375047842741372,
          "balance": 0.1508286645525183,
          "golden_fit": 0.9018177484490325,
          "elapsed_seconds": 1201.104841709137
        },
        {
          "name": "HOLOGRAM",
          "waves": 59,
          "kept": 5428,
          "mean_resonance": 0.7144221820050918,
          "mean_observation": 0.3772271609129904,
          "balance": 0.14722501906982977,
          "golden_fit": 0.9018177484490325,
          "elapsed_seconds": 1215.641452550888
        },
        {
          "name": "CROSS_A_PLUS",
          "waves": 58,
          "kept": 5336,
          "mean_resonance": 0.7161656180699475,
          "mean_observation": 0.37809179657481035,
          "balance": 0.14602273839555702,
          "golden_fit": 0.9018177484490325,
          "elapsed_seconds": 1212.1813561916351
        }
      ]
    },
    {
      "meta_idx": 1,
      "total_waves": 168,
      "elapsed_seconds": 3640.2679505348206,
      "hologram": {
        "dimensions": {
          "D1_Earth": {
            "value": 0.25,
            "gradient": 0.3333333333333333,
            "momentum": 6.564553139664759,
            "curvature": 0.25
          },
          "D2_Fire": {
            "value": 0.25,
            "gradient": 0.3333333333333333,
            "momentum": 3.4912592320041935,
            "curvature": 0.25
          },
          "D3_Water": {
            "value": 0.25,
            "gradient": 0.3333333333333333,
            "momentum": 0.5,
            "curvature": 0.25
          },
          "D4_Air": {
            "value": 0.25,
            "gradient": 0.5,
            "momentum": 3.4588725595922263,
            "curvature": 0.25
          }
        },
        "interconnections": {
          "D1_Earth_D2_Fire": 0.0417388529547955,
          "D1_Earth_D3_Water": 0.03283267285614524,
          "D1_Earth_D4_Air": 0.02578829814744831,
          "D2_Fire_D3_Water": 0.03939629047548755,
          "D2_Fire_D4_Air": 0.03279691618487388,
          "D3_Water_D4_Air": 0.03938378043527937
        },
        "total_values": 16,
        "compression_ratio": "38837:16 = 2427:1",
        "hash": "451d0a3d9346a247"
      },
      "cycles": [
        {
          "name": "WEIGHTS",
          "waves": 57,
          "kept": 5244,
          "mean_resonance": 0.7163638028009416,
          "mean_observation": 0.3762992525235903,
          "balance": 0.14448816592789293,
          "golden_fit": 0.9018177484490325,
          "elapsed_seconds": 1217.2456922531128
        },
        {
          "name": "HOLOGRAM",
          "waves": 58,
          "kept": 5336,
          "mean_resonance": 0.7130085998416098,
          "mean_observation": 0.37754142014934583,
          "balance": 0.14342532988865098,
          "golden_fit": 0.9018177484490325,
          "elapsed_seconds": 1217.8526275157928
        },
        {
          "name": "CROSS_A_PLUS",
          "waves": 53,
          "kept": 4876,
          "mean_resonance": 0.7147852658029977,
          "mean_observation": 0.3753939734657143,
          "balance": 0.12637867440833983,
          "golden_fit": 0.9018177484490325,
          "elapsed_seconds": 1205.0025765895844
        }
      ]
    },
    {
      "meta_idx": 2,
      "total_waves": 207,
      "elapsed_seconds": 3649.8681650161743,
      "hologram": {
        "dimensions": {
          "D1_Earth": {
            "value": 0.25,
            "gradient": 0.3333333333333333,
            "momentum": 7.024759977049742,
            "curvature": 0.25
          },
          "D2_Fire": {
            "value": 0.25,
            "gradient": 0.3333333333333333,
            "momentum": 3.3765018374852733,
            "curvature": 0.25
          },
          "D3_Water": {
            "value": 0.25,
            "gradient": 0.3333333333333333,
            "momentum": 0.5,
            "curvature": 0.25
          },
          "D4_Air": {
            "value": 0.25,
            "gradient": 0.5,
            "momentum": 3.3266685895437154,
            "curvature": 0.25
          }
        },
        "interconnections": {
          "D1_Earth_D2_Fire": 0.041872290140474215,
          "D1_Earth_D3_Water": 0.03297648749282804,
          "D1_Earth_D4_Air": 0.025866601864270256,
          "D2_Fire_D3_Water": 0.03935196299406689,
          "D2_Fire_D4_Air": 0.03271974075844656,
          "D3_Water_D4_Air": 0.03933271384344334
        },
        "total_values": 16,
        "compression_ratio": "38837:16 = 2427:1",
        "hash": "e4f9bc1161dbdeca"
      },
      "cycles": [
        {
          "name": "WEIGHTS",
          "waves": 65,
          "kept": 5980,
          "mean_resonance": 0.7142423986486036,
          "mean_observation": 0.38013100618080137,
          "balance": 0.08949662204335729,
          "golden_fit": 0.9018177484490325,
          "elapsed_seconds": 1217.2738325595856
        },
        {
          "name": "HOLOGRAM",
          "waves": 70,
          "kept": 6440,
          "mean_resonance": 0.7166465233311088,
          "mean_observation": 0.3803573418745618,
          "balance": 0.05665992541119724,
          "golden_fit": 0.9018177484490325,