{
  "type": "META_LOOP_CUBED_POST_TRAINING",
  "timestamp": "2026-03-19T09:23:30.066571+00:00",
  "pre": {
    "training_cycles": 11,
    "meta_loops": 3,
    "balance": 0.0,
    "golden_fit": 0.9018,
    "element_means": {
      "S": 15.0666,
      "F": -10.1,
      "C": 0.5,
      "R": -10.6732
    }
  },
  "post": {
    "training_cycles": 73,
    "meta_loops": 3,
    "balance": 0.0,
    "golden_fit": 0.3333333333333333,
    "element_means": {
      "S": 11.355545,
      "F": -0.198513,
      "C": 0.5,
      "R": -1.455351
    }
  },
  "training": {
    "type": "META_LOOP^3",
    "total_waves": 1431,
    "total_cycles": 9,
    "meta_loops_run": 3,
    "depth": 9,
    "elapsed_seconds": 175.2
  },
  "hologram": {
    "values": [
      11.355545,
      0.887032,
      10.07272873,
      10.468514,
      -0.198513,
      0.066359,
      -0.01317306,
      -0.264872,
      0.5,
      0.0,
      0.0,
      0.5,
      -1.455351,
      0.466272,
      -0.67858958,
      -1.921623
    ],
    "hash": "4dec63572f991a9f"
  },
  "svgs": {
    "self_play_rounds": 10,
    "self_play_scores": [
      0.791,
      0.834,
      0.854,
      0.873,
      0.808,
      0.596,
      0.679,
      0.674,
      0.573,
      0.702
    ],
    "mean_score": 0.7384
  },
  "maverick": {
    "total_findings": 20,
    "top_finding": "Observer pool 12D observations not flowing into sandbox 15D bridge (impact=0.63)"
  },
  "sandbox": {
    "metaloop_cycle": 179,
    "metaloop_magnitude": 1.8056,
    "total_improvement": 0.3549
  }
}