{
  "type": "momentum_field",
  "version": 2,
  "total_params": 148,
  "training_cycles": 10,
  "meta_loops_completed": 0,
  "shell_momenta": {
    "S": {
      "1": 10.122802235710976,
      "2": 8.176861330417807,
      "3": 6.653213772750234,
      "4": 4.984141764433673,
      "5": 4.2534374357726525,
      "6": 4.397228250220416,
      "7": 4.503679894416322,
      "8": 3.310592888732188,
      "9": 3.437371204222152,
      "10": 3.9970492160519173,
      "11": 4.114372452437943,
      "12": 3.10319697411206,
      "13": 3.6508701247979456,
      "14": 3.467305190260178,
      "15": 4.5090994972794505,
      "16": 3.596029588774245,
      "17": 4.276103738276343,
      "18": 4.20615342957377,
      "19": 4.598395199403069,
      "20": 4.027118174382373,
      "21": 4.556002171557193,
      "22": 3.748033767117353,
      "23": 4.641731619293097,
      "24": 3.7760915492053417,
      "25": 4.240049560930881,
      "26": 4.677677118117341,
      "27": 5.113104676868663,
      "28": 3.07392957642631,
      "29": 5.134216070855252,
      "30": 4.361820242686232,
      "31": 5.318432113715805,
      "32": 3.5643592614877084,
      "33": 3.7056821879573896,
      "34": 4.01921830743546,
      "35": 4.1582080538837545,
      "36": 3.1784276319005595
    },
    "F": {
      "1": -23.920852980267064,
      "2": -12.660531477861122,
      "3": -6.011651450444547,
      "4": -2.673737897498741,
      "5": 4.851640712867586,
      "6": 5.048377742033643,
      "7": 5.20822320418515,
      "8": 3.8617364424653853,
      "9": 4.028106272550245,
      "10": 4.720117512725148,
      "11": 4.893767510930767,
      "12": 3.6698722963602584,
      "13": 4.373679081920534,
      "14": 4.161507500947511,
      "15": 5.538257154526905,
      "16": 4.3709792688075035,
      "17": 5.306354373168429,
      "18": 5.246834895347174,
      "19": 5.8236628168497,
      "20": 5.064482041136544,
      "21": 5.847879497768506,
      "22": 4.723406256789123,
      "23": 6.056145430575461,
      "24": 4.815472877804268,
      "25": 5.5386465865958385,
      "26": 6.240311697237254,
      "27": 6.956123264749906,
      "28": 3.820981527503231,
      "29": 7.094719750963086,
      "30": 5.909325561749837,
      "31": 7.499787575421318,
      "32": 4.673827580380713,
      "33": 4.930457662604797,
      "34": 5.482672127711498,
      "35": 5.750108323245075,
      "36": 4.094830020684298
    },
    "C": {
      "1": 0.5,
      "2": 0.5,
      "3": 0.5,
      "4": 0.5,
      "5": 0.5,
      "6": 0.5,
      "7": 0.5,
      "8": 0.5,
      "9": 0.5,
      "10": 0.5,
      "11": 0.5,
      "12": 0.5,
      "13": 0.5,
      "14": 0.5,
      "15": 0.5,
      "16": 0.5,
      "17": 0.5,
      "18": 0.5,
      "19": 0.5,
      "20": 0.5,
      "21": 0.5,
      "22": 0.5,
      "23": 0.5,
      "24": 0.5,
      "25": 0.5,
      "26": 0.5,
      "27": 0.5,
      "28": 0.5,
      "29": 0.5,
      "30": 0.5,
      "31": 0.5,
      "32": 0.5,
      "33": 0.5,
      "34": 0.5,
      "35": 0.5,
      "36": 0.5
    },
    "R": {
      "1": -16.598271221598495,
      "2": -9.338247931474585,
      "3": -5.152791783326705,
      "4": -3.0829120240169154,
      "5": 1.6215704400929722,
      "6": 1.6308235688315111,
      "7": 1.61385772685168,
      "8": 0.9394758185124865,
      "9": 0.9714772228684756,
      "10": 1.1872978889784873,
      "11": 1.1913216592602256,
      "12": 0.7606260526784644,
      "13": 0.9405716810280771,
      "14": 0.8519541127588204,
      "15": 1.1550174297631324,
      "16": 0.8478273338954899,
      "17": 1.0117679259735881,
      "18": 0.9621748048521769,
      "19": 1.027042518693822,
      "20": 0.8672135811181249,
      "21": 0.955146707535351,
      "22": 0.7697582097429068,
      "23": 0.9169377446452065,
      "24": 0.7437377195351517,
      "25": 0.8037575820972488,
      "26": 0.8513434549941544,
      "27": 0.891499449280713,
      "28": 0.6922389144769729,
      "29": 0.8487043620945491,
      "30": 0.73879704114029,
      "31": 0.8286320707928726,
      "32": 0.6922389144769729,
      "33": 0.6922389144769729,
      "34": 0.6922389144769729,
      "35": 0.6922389144769729,
      "36": 0.6922389144769729
    }
  },
  "dimension_momenta": {
    "D1_Earth": 4.15974142047068,
    "D2_Fire": 3.6294584583657628,
    "D3_Water": 0.5,
    "D4_Air": 4.517113029892162
  },
  "hologram_16": {
    "dimensions": {
      "D1_Earth": {
        "value": 0.25,
        "gradient": 0.3333333333333333,
        "momentum": 4.46255572976289,
        "curvature": 0.25
      },
      "D2_Fire": {
        "value": 0.25,
        "gradient": 0.3333333333333333,
        "momentum": 3.3426533545148676,
        "curvature": 0.25
      },
      "D3_Water": {
        "value": 0.25,
        "gradient": 0.3333333333333333,
        "momentum": 0.5,
        "curvature": 0.25
      },
      "D4_Air": {
        "value": 0.25,
        "gradient": 0.5,
        "momentum": -0.11362376015385792,
        "curvature": 0.25
      }
    },
    "interconnections": {
      "D1_Earth_D2_Fire": 0.040869509625545496,
      "D1_Earth_D3_Water": 0.032175798665550905,
      "D1_Earth_D4_Air": 0.024433633312587463,
      "D2_Fire_D3_Water": 0.03933888829847731,
      "D2_Fire_D4_Air": 0.03163407174823782,
      "D3_Water_D4_Air": 0.03800382784135
    },
    "total_values": 16,
    "compression_ratio": "38837:16 = 2427:1",
    "hash": "2bb4507a1cf8f89e"
  }
}