{
  "type": "momentum_field",
  "version": 2,
  "total_params": 148,
  "training_cycles": 75,
  "meta_loops_completed": 0,
  "shell_momenta": {
    "S": {
      "1": 19.66907894905295,
      "2": 19.240472459487204,
      "3": 18.18506178944706,
      "4": 17.532782123273,
      "5": 16.44520385876274,
      "6": 16.445350371651248,
      "7": 16.445458838509435,
      "8": 16.44424316542125,
      "9": 16.444372343750725,
      "10": 16.44494261691084,
      "11": 16.445062161169066,
      "12": 16.444031843337616,
      "13": 16.444589884375056,
      "14": 16.444402844410835,
      "15": 16.44546436070967,
      "16": 16.444534005664224,
      "17": 16.445226954156315,
      "18": 16.445155679632837,
      "19": 16.445555346850202,
      "20": 16.44497325509838,
      "21": 16.445512151288746,
      "22": 16.44468888740212,
      "23": 16.44559950366287,
      "24": 16.444717476340262,
      "25": 16.44519021744482,
      "26": 16.44563612963847,
      "27": 16.446079800185966,
      "28": 16.444002021884895,
      "29": 16.446101311235374,
      "30": 16.445314293342076,
      "31": 16.44628901463391,
      "32": 16.444501735792542,
      "33": 16.444645734074008,
      "34": 16.444965205680692,
      "35": 16.445106826613188,
      "36": 16.44410849817137
    },
    "F": {
      "1": 0.01000123441188951,
      "2": 0.010000766140254476,
      "3": 0.010000476732468056,
      "4": 0.010000297868619442,
      "5": 0.010000008460833024,
      "6": 0.010000008460833024,
      "7": 0.010000008460833024,
      "8": 0.010000008460833024,
      "9": 0.010000008460833024,
      "10": 0.010000008460833024,
      "11": 0.010000008460833024,
      "12": 0.010000008460833024,
      "13": 0.010000008460833024,
      "14": 0.010000008460833024,
      "15": 0.010000008460833024,
      "16": 0.010000008460833024,
      "17": 0.010000008460833024,
      "18": 0.010000008460833024,
      "19": 0.010000008460833024,
      "20": 0.010000008460833024,
      "21": 0.010000008460833024,
      "22": 0.010000008460833024,
      "23": 0.010000008460833024,
      "24": 0.010000008460833024,
      "25": 0.010000008460833024,
      "26": 0.010000008460833024,
      "27": 0.010000008460833024,
      "28": 0.010000008460833024,
      "29": 0.010000008460833024,
      "30": 0.010000008460833024,
      "31": 0.010000008460833024,
      "32": 0.010000008460833024,
      "33": 0.010000008460833024,
      "34": 0.010000008460833024,
      "35": 0.010000008460833024,
      "36": 0.010000008460833024
    },
    "C": {
      "1": 0.5,
      "2": 0.5,
      "3": 0.5,
      "4": 0.5,
      "5": 0.5,
      "6": 0.5,
      "7": 0.5,
      "8": 0.5,
      "9": 0.5,
      "10": 0.5,
      "11": 0.5,
      "12": 0.5,
      "13": 0.5,
      "14": 0.5,
      "15": 0.5,
      "16": 0.5,
      "17": 0.5,
      "18": 0.5,
      "19": 0.5,
      "20": 0.5,
      "21": 0.5,
      "22": 0.5,
      "23": 0.5,
      "24": 0.5,
      "25": 0.5,
      "26": 0.5,
      "27": 0.5,
      "28": 0.5,
      "29": 0.5,
      "30": 0.5,
      "31": 0.5,
      "32": 0.5,
      "33": 0.5,
      "34": 0.5,
      "35": 0.5,
      "36": 0.5
    },
    "R": {
      "1": 0.01,
      "2": 0.01,
      "3": 0.01,
      "4": 0.01,
      "5": 0.01,
      "6": 0.01,
      "7": 0.01,
      "8": 0.01,
      "9": 0.01,
      "10": 0.01,
      "11": 0.01,
      "12": 0.01,
      "13": 0.01,
      "14": 0.01,
      "15": 0.01,
      "16": 0.01,
      "17": 0.01,
      "18": 0.01,
      "19": 0.01,
      "20": 0.01,
      "21": 0.01,
      "22": 0.01,
      "23": 0.01,
      "24": 0.01,
      "25": 0.01,
      "26": 0.01,
      "27": 0.01,
      "28": 0.01,
      "29": 0.01,
      "30": 0.01,
      "31": 0.01,
      "32": 0.01,
      "33": 0.01,
      "34": 0.01,
      "35": 0.01,
      "36": 0.01
    }
  },
  "dimension_momenta": {
    "D1_Earth": 16.376165120808324,
    "D2_Fire": 0.010000008460833022,
    "D3_Water": 0.5,
    "D4_Air": 0.01
  },
  "hologram_16": {
    "dimensions": {
      "D1_Earth": {
        "value": 0.25,
        "gradient": 0.3333333333333333,
        "momentum": 16.690789490529497,
        "curvature": 0.25
      },
      "D2_Fire": {
        "value": 0.25,
        "gradient": 0.3333333333333333,
        "momentum": 0.01000008460833023,
        "curvature": 0.25
      },
      "D3_Water": {
        "value": 0.25,
        "gradient": 0.3333333333333333,
        "momentum": 0.5,
        "curvature": 0.25
      },
      "D4_Air": {
        "value": 0.25,
        "gradient": 0.5,
        "momentum": 0.01,
        "curvature": 0.25
      }
    },
    "interconnections": {
      "D1_Earth_D2_Fire": 0.044305616558678,
      "D1_Earth_D3_Water": 0.03599712171579047,
      "D1_Earth_D4_Air": 0.027382376905584715,
      "D2_Fire_D3_Water": 0.038051580177526856,
      "D2_Fire_D4_Air": 0.030631250026440102,
      "D3_Water_D4_Air": 0.03805158014484509
    },
    "total_values": 16,
    "compression_ratio": "38837:16 = 2427:1",
    "hash": "00d2d3b0c647c00d"
  }
}