{
  "type": "momentum_field",
  "version": 2,
  "total_params": 148,
  "training_cycles": 12,
  "meta_loops_completed": 0,
  "shell_momenta": {
    "S": {
      "1": 69.38422997884902,
      "2": 45.34411632827048,
      "3": 30.22812416204566,
      "4": 20.30039271214334,
      "5": 5.8226900449575805,
      "6": 5.938436246656481,
      "7": 6.02412581957948,
      "8": 5.06373561847647,
      "9": 5.165787397876322,
      "10": 5.616307163638003,
      "11": 5.710747959698992,
      "12": 4.896789701539126,
      "13": 5.3376460052454355,
      "14": 5.189883131660959,
      "15": 6.028488396205343,
      "16": 5.293501434757722,
      "17": 5.84093556663041,
      "18": 5.784628196990121,
      "19": 6.100368080512994,
      "20": 5.64051154504553,
      "21": 6.06624328630746,
      "22": 5.415859085718581,
      "23": 6.135252269859606,
      "24": 5.4384445458347415,
      "25": 5.811913308851686,
      "26": 6.164187045513096,
      "27": 6.514689866114333,
      "28": 4.873230546326417,
      "29": 6.5316837448673075,
      "30": 5.909934131291547,
      "31": 6.67997073618174,
      "32": 5.268008011523032,
      "33": 5.381767656147488,
      "34": 5.63415244904525,
      "35": 5.746033971437819,
      "36": 4.957347553748051
    },
    "F": {
      "1": -104.20564211062354,
      "2": -63.292127997674065,
      "3": -38.25759459879168,
      "4": -23.41017150159356,
      "5": 2.334325749478979,
      "6": 2.493682743103486,
      "7": 2.6231575674462064,
      "8": 1.5325032904531954,
      "9": 1.6672628528219324,
      "10": 2.2277919573636042,
      "11": 2.3684484559101557,
      "12": 1.3770933321080427,
      "13": 1.9471768284118658,
      "14": 1.775317847823718,
      "15": 2.890485067223027,
      "16": 1.9449899797903119,
      "17": 2.702643814322662,
      "18": 2.654433037287445,
      "19": 3.1216636537044913,
      "20": 2.506727225376835,
      "21": 3.141279165248725,
      "22": 2.2304558400554244,
      "23": 3.3099745708223587,
      "24": 2.3050298030776917,
      "25": 2.890800507198863,
      "26": 3.4591492468184093,
      "27": 4.038956616503659,
      "28": 1.4994918093338505,
      "29": 4.151219770336334,
      "30": 3.1910504770736026,
      "31": 4.479324708147501,
      "32": 2.190297112164611,
      "33": 2.39816747876612,
      "34": 2.8454611955025477,
      "35": 3.062084513884744,
      "36": 1.721309088810515
    },
    "C": {
      "1": 0.5,
      "2": 0.5,
      "3": 0.5,
      "4": 0.5,
      "5": 0.5,
      "6": 0.5,
      "7": 0.5,
      "8": 0.5,
      "9": 0.5,
      "10": 0.5,
      "11": 0.5,
      "12": 0.5,
      "13": 0.5,
      "14": 0.5,
      "15": 0.5,
      "16": 0.5,
      "17": 0.5,
      "18": 0.5,
      "19": 0.5,
      "20": 0.5,
      "21": 0.5,
      "22": 0.5,
      "23": 0.5,
      "24": 0.5,
      "25": 0.5,
      "26": 0.5,
      "27": 0.5,
      "28": 0.5,
      "29": 0.5,
      "30": 0.5,
      "31": 0.5,
      "32": 0.5,
      "33": 0.5,
      "34": 0.5,
      "35": 0.5,
      "36": 0.5
    },
    "R": {
      "1": -79.32764306175784,
      "2": -48.894805542402175,
      "3": -30.335932930442276,
      "4": -19.293935038694926,
      "5": -0.3052642799842366,
      "6": -0.2976018985959285,
      "7": -0.3116510656935173,
      "8": -0.8700969199642008,
      "9": -0.8435970222468183,
      "10": -0.6648790661974198,
      "11": -0.6615470405238542,
      "12": -1.0181998109703703,
      "13": -0.8691894521464634,
      "14": -0.9425723721263164,
      "15": -0.6916100451870011,
      "16": -0.9459896977087808,
      "17": -0.810232876743401,
      "18": -0.8513002193694821,
      "19": -0.7975842085706519,
      "20": -0.9299362282169781,
      "21": -0.857120084584517,
      "22": -1.0106376044667202,
      "23": -0.888760371279829,
      "24": -1.0321847941272457,
      "25": -0.982483218495948,
      "26": -0.9430780489436197,
      "27": -0.909825453854478,
      "28": -1.074830205916924,
      "29": -0.9452634434071948,
      "30": -1.0362760980794679,
      "31": -0.9618850160272849,
      "32": -1.074830205916924,
      "33": -1.074830205916924,
      "34": -1.074830205916924,
      "35": -1.074830205916924,
      "36": -1.074830205916924
    }
  },
  "dimension_momenta": {
    "D1_Earth": 4.15974142047068,
    "D2_Fire": 3.6294584583657628,
    "D3_Water": 0.5,
    "D4_Air": 4.517113029892162
  },
  "hologram_16": {
    "dimensions": {
      "D1_Earth": {
        "value": 0.25,
        "gradient": 0.3333333333333333,
        "momentum": 9.645560102765211,
        "curvature": 0.25
      },
      "D2_Fire": {
        "value": 0.25,
        "gradient": 0.3333333333333333,
        "momentum": -4.057882802841998,
        "curvature": 0.25
      },
      "D3_Water": {
        "value": 0.25,
        "gradient": 0.3333333333333333,
        "momentum": 0.5,
        "curvature": 0.25
      },
      "D4_Air": {
        "value": 0.25,
        "gradient": 0.5,
        "momentum": -5.713335115175291,
        "curvature": 0.25
      }
    },
    "interconnections": {
      "D1_Earth_D2_Fire": 0.04001294086688031,
      "D1_Earth_D3_Water": 0.03379548753211413,
      "D1_Earth_D4_Air": 0.024334153372723766,
      "D2_Fire_D3_Water": 0.036480273998340376,
      "D2_Fire_D4_Air": 0.0275714944006196,
      "D3_Water_D4_Air": 0.03584082037598001
    },
    "total_values": 16,
    "compression_ratio": "38837:16 = 2427:1",
    "hash": "b110a65e0f07da28"
  }
}